,
,
Get A Pet License,http://www.baltimorehealth.org/animalcontrol.html#petlicense 
,
,
"Bioterrorism, Diseases & Natural Disasters",
Code Blue,
Code Red,
,
Hurricanes,
Pandemic Influenza,
,
Food,
Baltimarket http://www.baltimorehealth.org/virtualsupermarket.html ,
Food Establishment Closures http://www.baltimorehealth.org/foodclosures.html ,
,
Health Clinics & Services http://www.baltimorehealth.org/healthservices.html ,
Dental Clinic / Oral Health Services http://www.baltimorehealth.org/dental.html ,
Family Planning & Reproductive Health,
Healthy Teens & Young Adults http://www.baltimorehealth.org/schoolhealth.html ,
Men’s Health Center http://www.baltimorehealth.org/mhc.html ,
STD Clinichttp://www.baltimorehealth.org/std.html ,
TB Clinic http://www.baltimorehealth.org/tb.html ,
,
Health Code & Licensing Information http://www.baltimorehealth.org/healthcode.html ,
Animals,
Food,
Lead,
Swimming Pools,
Tattoo,
Waste,
,
Health Resources by Topic (DROP DOWN MENU ON CURRENT HOME PAGE),
Asthma,
Cancer,
Diabetes,
Glaucoma,
Health Hazards A-Z,
Heart Disease,
HIV/AIDS,
Lead Poisoning,
Mental Health,
Oral Health,
Substance Abuse,
STDs,
Stroke,
Smoking Cessation,
Tuberculosis,
Violence,
,
Maternal and Child Health PROGRAM STAFF MAKING UPDATES TO THESE PAGES. BELOW ARE THE CURRENT LINKS.,
Baltimore Infants & Toddlers http://www.baltimorehealth.org/bitp.html ,
Bmore for Healthy Babies http://www.baltimorehealth.org/birthoutcomes.html ,
Maternal & Infant Care Program http://www.baltimorehealth.org/maternalandinfant.html ,
Immunizations,
Lead Poisoning http://www.baltimorehealth.org/lead.html & http://www.baltimorehealth.org/lead.html ,
Teen Pregnancy,
"Women, Infant & Children (WIC) http://www.baltimorehealth.org/wic.html ",
,
Neighborhoods THESE PAGES ARE ALL LINKS ON THE CURRENT HOMEPAGE NAV BUT WE WILL BE REDOPING AS A “NEIGHBORHOODS” MAIN PAGE AND THEN SUBPAGES FOR EACH,
Baltimore Health Improvement Planning Council http://www.baltimorehealth.org/BHIPC.html ,
Cross Agency Health Taskforce http://www.baltimorehealth.org/CAHTinfo.html ,
Neighborhood Health Profiles http://www.baltimorehealth.org/neighborhoodmap.html ,
Healthy Baltimore 2015 http://www.baltimorehealth.org/healthybaltimore2015.html ,
,
School Health http://www.baltimorehealth.org/schoolhealth.html ,
,
Seniors http://www.baltimorehealth.org/seniors.html ,
Overview,
Events,
Senior Centers,
Senior Initiatives & Services,
,
Substance Abusehttp://www.baltimorehealth.org/substanceabuse.html ,
Behavioral Health System http://www.bhsbaltimore.org/ ,
Needle Exchange http://www.baltimorehealth.org/nep.html ,
,
Tobacco http://www.baltimorehealth.org/cessation.html ,
Smoking Cessation,
,
Violence Prevention,
Dating Matters,
Operation Safe Kids http://www.baltimorehealth.org/operationsafekids.html ,
Safe Streets http://www.baltimorehealth.org/safestreets.html ,
Youth Violence Prevention http://www.baltimorehealth.org/youthviolenceprevention.html ,
